"","bio1","bio2","bio3","bio4","bio12","bio15","bio18","bio19"
"bio1",1,0.224204896448996,-0.195819981350067,0.254898029505404,-0.0576100774182109,0.0665029771836465,-0.172983647680218,0.129238512462146
"bio2",0.224204896448996,1,0.091187396361531,0.260049411744805,-0.168856172381636,-0.0900643216934366,-0.121922918068697,-0.251094750140081
"bio3",-0.195819981350067,0.091187396361531,1,-0.929813943798256,0.367383635440259,-0.821725106388924,-0.150369984314669,0.579708180757618
"bio4",0.254898029505404,0.260049411744805,-0.929813943798256,1,-0.387989996754266,0.796603371724883,0.135102467107132,-0.623246683580159
"bio12",-0.0576100774182109,-0.168856172381636,0.367383635440259,-0.387989996754266,1,-0.128809385333935,0.705891945404375,0.755678970273062
"bio15",0.0665029771836465,-0.0900643216934366,-0.821725106388924,0.796603371724883,-0.128809385333935,1,0.270085382725463,-0.343798527678779
"bio18",-0.172983647680218,-0.121922918068697,-0.150369984314669,0.135102467107132,0.705891945404375,0.270085382725463,1,0.105321883214071
"bio19",0.129238512462146,-0.251094750140081,0.579708180757618,-0.623246683580159,0.755678970273062,-0.343798527678779,0.105321883214071,1
