"Fold","AUC"
1,0.984125
2,0.96775
3,0.9755
4,0.93975
5,0.964875
