"Dataset","AUC","Correlation"
"Training",0.977410881801126,0.308540502278242
"Testing",0.959879939969985,0.263339251155322
