"Suitability","Area_km2","Percent"
"Low",8318512.02280746,91.76
"Moderate",377970.819611451,4.17
"High",209775.469490904,2.31
"Very High",159504.351718652,1.76
